,x_0,x_1,x_2,x_3,x_4,chain_break_fraction,energy,num_occurrences
0,0,1,0,1,0,0.0,-25.509999999999998,1645
1,1,0,1,0,1,0.0,-25.509999999999998,1329
2,1,1,0,1,0,0.0,-24.03,783
3,0,0,1,0,1,0.0,-24.03,239
4,1,1,1,1,0,0.0,-17.66,2
5,1,0,1,0,0,0.0,-10.25,1
6,0,0,0,0,0,0.0,0.0,1
