,x_0,x_1,x_2,x_3,x_4,chain_break_fraction,energy,num_occurrences
0,0,1,0,1,0,0.0,-55.50999999999999,1530
1,1,0,1,0,1,0.0,-55.50999999999999,1607
2,0,0,1,0,1,0.0,-54.03,503
3,1,1,0,1,0,0.0,-54.03,352
4,0,1,0,1,1,0.0,-40.249999999999986,4
5,1,0,1,0,0,0.0,-40.24999999999999,1
6,0,1,1,1,0,0.0,-39.16,1
7,0,0,1,1,1,0.0,-37.89,1
8,1,0,1,1,0,0.0,-35.589999999999996,1
