,x_0,x_1,x_2,x_3,x_4,chain_break_fraction,energy,num_occurrences
0,0,1,0,1,0,0.0,-25.509999999999998,1423
1,1,0,1,0,1,0.0,-25.509999999999998,1967
2,0,0,1,0,1,0.0,-24.03,488
3,1,1,0,1,0,0.0,-24.03,102
4,1,1,1,1,0,0.0,-17.66,2
5,0,0,0,0,1,0.0,-17.66,13
6,1,0,1,1,1,0.0,-12.190000000000001,3
7,0,1,0,1,1,0.0,-10.25,1
8,1,0,1,0,0,0.0,-10.25,1
