,x_0,x_1,x_2,x_3,x_4,chain_break_fraction,energy,num_occurrences
0,0,1,0,1,0,0.0,-55.50999999999999,2065
1,1,0,1,0,1,0.0,-55.50999999999999,1073
2,1,1,0,1,0,0.0,-54.03,585
3,0,0,1,0,1,0.0,-54.03,268
4,1,0,1,0,0,0.0,-40.24999999999999,2
5,0,1,0,1,1,0.0,-40.249999999999986,2
6,0,1,1,1,0,0.0,-39.16,2
7,1,0,0,0,1,0.0,-39.16,1
8,0,0,0,0,1,0.0,-37.66,1
9,1,1,1,1,0,0.0,-37.66,1
