,x_0,x_1,x_2,x_3,x_4,chain_break_fraction,energy,num_occurrences
0,1,0,1,0,1,0.0,-55.50999999999999,1756
1,0,1,0,1,0,0.0,-55.50999999999999,1077
2,1,1,0,1,0,0.0,-54.03,322
3,0,0,1,0,1,0.0,-54.03,841
4,1,0,1,0,0,0.0,-40.24999999999999,2
5,1,1,0,0,0,0.0,-37.89,1
6,1,1,1,0,1,0.0,-16.799999999999994,1
