,x_0,x_1,x_2,x_3,x_4,chain_break_fraction,energy,num_occurrences
0,0,1,0,1,0,0.0,-55.50999999999999,1140
1,1,0,1,0,1,0.0,-55.50999999999999,1724
2,0,0,1,0,1,0.0,-54.03,838
3,1,1,0,1,0,0.0,-54.03,295
4,0,1,1,1,0,0.0,-39.16,2
5,0,0,1,1,1,0.0,-37.89,1
