,x_0,x_1,x_2,x_3,chain_break_fraction,energy,num_occurrences
0,1,0,1,1,0.0,-30.849999999999998,1610
1,0,1,0,0,0.0,-30.85,2368
2,1,1,0,0,0.0,-24.020000000000003,2
3,0,0,1,1,0.0,-24.02,4
4,1,0,1,0,0.0,-23.29,1
5,0,1,0,1,0.0,-23.29,14
6,1,0,1,1,0.25,-30.849999999999998,1
