,x_0,x_1,x_2,x_3,x_4,chain_break_fraction,energy,num_occurrences
0,1,0,1,0,1,0.0,-25.509999999999998,1423
1,0,1,0,1,0,0.0,-25.509999999999998,1628
2,1,1,0,1,0,0.0,-24.03,480
3,0,0,1,0,1,0.0,-24.03,451
4,0,0,0,0,1,0.0,-17.66,8
5,1,1,1,1,0,0.0,-17.66,7
6,1,0,1,1,1,0.0,-12.190000000000001,1
7,0,1,0,0,0,0.0,-12.19,2
