,x_0,x_1,x_2,x_3,x_4,chain_break_fraction,energy,num_occurrences
0,0,0,1,1,0,0.0,-6.09,1226
1,1,1,0,0,1,0.0,-6.089999999999996,1930
2,1,0,0,0,0,0.0,-3.7,177
3,0,1,1,1,1,0.0,-3.699999999999996,273
4,0,0,0,1,0,0.0,-3.69,157
5,1,1,1,0,1,0.0,-3.6899999999999933,226
6,0,0,0,0,0,0.0,0.0,3
7,1,1,1,1,1,0.0,6.661338147750939e-15,1
8,1,0,0,1,0,0.0,0.5099999999999998,2
9,0,1,1,0,1,0.0,0.5100000000000026,2
10,0,0,1,0,0,0.0,2.22,1
11,1,1,0,1,1,0.0,2.220000000000008,1
12,1,0,1,1,0,0.0,3.6900000000000004,1
