,x_0,x_1,x_2,x_3,x_4,chain_break_fraction,energy,num_occurrences
0,1,0,1,0,1,0.0,-25.509999999999998,1514
1,0,1,0,1,0,0.0,-25.509999999999998,1866
2,0,0,1,0,1,0.0,-24.03,259
3,1,1,0,1,0,0.0,-24.03,351
4,1,1,1,1,0,0.0,-17.66,4
5,0,0,0,0,1,0.0,-17.66,1
6,0,1,0,0,0,0.0,-12.19,1
7,1,0,1,0,0,0.0,-10.25,1
8,0,1,0,1,1,0.0,-10.25,1
9,1,1,0,0,0,0.0,-7.890000000000001,1
10,1,0,0,0,0,0.0,-6.56,1
