,x_0,x_1,x_2,x_3,x_4,chain_break_fraction,energy,num_occurrences
0,0,0,1,1,0,0.0,-6.09,2185
1,1,1,0,0,1,0.0,-6.089999999999996,1365
2,0,1,1,1,1,0.0,-3.699999999999996,165
3,1,0,0,0,0,0.0,-3.7,108
4,0,0,0,1,0,0.0,-3.69,83
5,1,1,1,0,1,0.0,-3.6899999999999933,73
6,1,1,1,1,1,0.0,6.661338147750939e-15,3
7,0,0,0,0,0,0.0,0.0,3
8,1,0,0,1,0,0.0,0.5099999999999998,12
9,0,1,1,0,1,0.0,0.5100000000000026,2
10,1,0,1,1,0,0.0,3.6900000000000004,1
