,x_0,x_1,x_2,x_3,x_4,chain_break_fraction,energy,num_occurrences
0,0,0,1,1,0,0.0,-6.09,1640
1,1,1,0,0,1,0.0,-6.089999999999996,1649
2,1,0,0,0,0,0.0,-3.7,132
3,0,1,1,1,1,0.0,-3.699999999999996,228
4,0,0,0,1,0,0.0,-3.69,153
5,1,1,1,0,1,0.0,-3.6899999999999933,164
6,0,0,0,0,0,0.0,0.0,7
7,1,1,1,1,1,0.0,6.661338147750939e-15,14
8,0,1,1,0,1,0.0,0.5100000000000026,7
9,1,0,0,1,0,0.0,0.5099999999999998,4
10,0,0,1,0,0,0.0,2.22,1
11,1,1,0,1,1,0.0,2.220000000000008,1
