,x_0,x_1,x_2,x_3,x_4,chain_break_fraction,energy,num_occurrences
0,0,0,1,1,0,0.0,-6.09,1966
1,1,1,0,0,1,0.0,-6.089999999999996,1152
2,1,0,0,0,0,0.0,-3.7,276
3,0,1,1,1,1,0.0,-3.699999999999996,213
4,0,0,0,1,0,0.0,-3.69,178
5,1,1,1,0,1,0.0,-3.6899999999999933,205
6,0,0,0,0,0,0.0,0.0,5
7,1,1,1,1,1,0.0,6.661338147750939e-15,1
8,1,0,0,1,0,0.0,0.5099999999999998,1
9,0,1,1,0,1,0.0,0.5100000000000026,1
10,0,0,1,0,0,0.0,2.22,1
11,0,0,1,1,0,0.2,-6.09,1
