,x_0,x_1,x_2,x_3,x_4,chain_break_fraction,energy,num_occurrences
0,1,0,1,0,1,0.0,-25.509999999999998,1589
1,0,1,0,1,0,0.0,-25.509999999999998,1426
2,1,1,0,1,0,0.0,-24.03,515
3,0,0,1,0,1,0.0,-24.03,447
4,0,0,0,0,1,0.0,-17.66,5
5,1,1,1,1,0,0.0,-17.66,10
6,1,1,0,1,0,0.2,-24.03,1
7,0,1,0,0,0,0.0,-12.19,3
8,1,0,0,0,1,0.0,-9.159999999999998,1
9,0,1,1,1,0,0.0,-9.159999999999997,1
10,1,0,1,0,1,0.2,-25.509999999999998,1
11,1,0,1,1,1,0.2,-12.190000000000001,1
